Name,Age,PhoneNumber,Email,Address,PostalCode,City
Vincent Medina,58,PhoneNumber,luhu@si.bo,1385 Tilvo Key,PostalCode,Ciohiwo
Emilie Nunez,20,PhoneNumber,gekuv@rehafku.kr,279 Romub Ridge,PostalCode,Zusfutme
Barry Logan,42,PhoneNumber,joji@fu.tn,1229 Borjuf Point,PostalCode,Hecadhar
Angel Collins,34,PhoneNumber,azwa@ipfarsa.bi,585 Lonkok Trail,PostalCode,Rolane
Francisco Harrington,51,PhoneNumber,womlenob@tumub.es,252 Omapad Drive,PostalCode,Catafci
Mike Hubbard,21,PhoneNumber,acotar@venaf.edu,91 Towog Pass,PostalCode,Comzovub
Jared Marsh,50,PhoneNumber,rovum@luedtoc.ws,542 Foru Grove,PostalCode,Kuwipuk
Mildred Keller,57,PhoneNumber,har@gezvocciw.cl,403 Mipapu Drive,PostalCode,Ilzeroc
Gertrude Reyes,36,PhoneNumber,lazfur@watevo.bq,949 Ileaj Road,PostalCode,Cuhokfen
Mamie Mills,48,PhoneNumber,ne@roneju.gw,331 Runep Drive,PostalCode,Diefeha
Alma Griffin,56,PhoneNumber,hic@akhutew.sd,1461 Foce Glen,PostalCode,Pefnuhug
Ida Brock,42,PhoneNumber,miljuguj@onvab.bz,489 Gihka Point,PostalCode,Wewavioc
Adam Patterson,25,PhoneNumber,nidpekwik@fiujosos.sn,26 Pophiz River,PostalCode,Vovjidma
Franklin Little,35,PhoneNumber,oppuj@ze.fo,417 Vinic Ridge,PostalCode,Fazorok
Vernon Carr,63,PhoneNumber,panozu@use.hn,843 Bodro Heights,PostalCode,Nupane
Marion Waters,60,PhoneNumber,wizaup@hozabfoc.tf,796 Vifku Mill,PostalCode,Bokcijud
Mitchell Abbott,37,PhoneNumber,ocduf@nijfepaz.gf,369 Kigis Lane,PostalCode,Kibbokug
Emily Pierce,29,PhoneNumber,idgawja@livmeusu.ci,84 Bimsud Plaza,PostalCode,Ujbuhgi
Theodore Manning,61,PhoneNumber,ezowigeh@mebgiwel.bq,971 Bajo Key,PostalCode,Zocelec
Dylan Reyes,47,PhoneNumber,buut@killubho.vn,644 Selub Key,PostalCode,Wosjofub
